{"cameraMode":{"drawMode":0,"name":"Shaded","section":"Shading Mode"},"sceneLighting":true,"audioPlay":false,"sceneViewState":{"showFog":true,"showMaterialUpdate":false,"showSkybox":true,"showFlares":true,"showImageEffects":true,"showParticleSystems":true},"in2DMode":false,"pivot":{"x":115.74601745605469,"y":11.383575439453125,"z":74.71096801757813},"rotation":{"x":-0.4523569345474243,"y":0.017109055072069169,"z":-0.008678197860717774,"w":-0.8916306495666504},"size":354.17498779296877,"orthographic":false}