{"cameraMode":{"drawMode":0,"name":"Shaded","section":"Shading Mode"},"sceneLighting":false,"audioPlay":false,"sceneViewState":{"showFog":true,"showMaterialUpdate":false,"showSkybox":false,"showFlares":true,"showImageEffects":true,"showParticleSystems":true},"in2DMode":false,"pivot":{"x":105.5,"y":39.77000427246094,"z":103.39999389648438},"rotation":{"x":-0.17194145917892457,"y":0.7668712139129639,"z":-0.22968323528766633,"w":-0.574099600315094},"size":62.312313079833987,"orthographic":true}